pick_date,ref_date,code,name,ref_close,score,num_systems,systems
2026-07-08,2026-07-08,2503,キリンホールディングス,2905.0,71,3,anomaly|tech|volume
2026-07-08,2026-07-08,4385,メルカリ,4665.0,71,3,anomaly|tech|volume
2026-07-08,2026-07-08,8601,大和証券グループ本社,1777.5,72,3,anomaly|tech|volume
2026-07-08,2026-07-08,9433,KDDI,2808.0,49,2,anomaly|tech
2026-07-08,2026-07-08,8604,野村ホールディングス,1543.0,49,2,anomaly|tech
2026-07-08,2026-07-08,6178,日本郵政,2370.0,49,2,anomaly|tech
2026-07-08,2026-07-08,8309,三井住友トラスト・ホールディングス,6579.0,49,2,anomaly|tech
2026-07-08,2026-07-08,8306,三菱UFJフィナンシャル・グループ,3433.0,48,2,anomaly|tech
2026-07-08,2026-07-08,8316,三井住友フィナンシャルグループ,6811.0,48,2,anomaly|tech
2026-07-08,2026-07-08,7182,ゆうちょ銀行,3305.0,48,2,anomaly|tech
2026-07-09,2026-07-08,2503,キリンホールディングス,2905.0,71,3,anomaly|tech|volume
2026-07-09,2026-07-08,4385,メルカリ,4665.0,71,3,anomaly|tech|volume
2026-07-09,2026-07-08,8601,大和証券グループ本社,1777.5,72,3,anomaly|tech|volume
2026-07-09,2026-07-08,9433,KDDI,2808.0,49,2,anomaly|tech
2026-07-09,2026-07-08,8604,野村ホールディングス,1543.0,49,2,anomaly|tech
2026-07-09,2026-07-08,6178,日本郵政,2370.0,49,2,anomaly|tech
2026-07-09,2026-07-08,8309,三井住友トラスト・ホールディングス,6579.0,49,2,anomaly|tech
2026-07-09,2026-07-08,8306,三菱UFJフィナンシャル・グループ,3433.0,48,2,anomaly|tech
2026-07-09,2026-07-08,8316,三井住友フィナンシャルグループ,6811.0,48,2,anomaly|tech
2026-07-09,2026-07-08,7182,ゆうちょ銀行,3305.0,48,2,anomaly|tech
2026-07-10,2026-07-09,6098,リクルートホールディングス,12505.0,72,3,anomaly|tech|volume
2026-07-10,2026-07-09,2503,キリンホールディングス,2920.5,48,2,anomaly|tech
2026-07-10,2026-07-09,6178,日本郵政,2360.5,49,2,anomaly|tech
2026-07-10,2026-07-09,8309,三井住友トラスト・ホールディングス,6577.0,48,2,anomaly|tech
2026-07-10,2026-07-09,9433,KDDI,2805.0,48,2,anomaly|tech
2026-07-10,2026-07-09,8411,みずほフィナンシャルグループ,8214.0,48,2,anomaly|tech
2026-07-10,2026-07-09,8750,第一生命ホールディングス,1877.0,48,2,anomaly|tech
2026-07-10,2026-07-09,8316,三井住友フィナンシャルグループ,6816.0,48,2,anomaly|tech
2026-07-10,2026-07-09,1721,コムシスホールディングス,5338.0,25,1,tech
2026-07-10,2026-07-09,9983,ファーストリテイリング,85170.0,26,1,tech
2026-07-10,2026-07-10,4385,メルカリ,4814.0,70,3,anomaly|tech|volume
2026-07-10,2026-07-10,3436,SUMCO,5244.0,47,2,anomaly|tech
2026-07-10,2026-07-10,8306,三菱UFJフィナンシャル・グループ,3437.0,47,2,anomaly|tech
2026-07-10,2026-07-10,8604,野村ホールディングス,1547.5,46,2,anomaly|tech
2026-07-10,2026-07-10,7182,ゆうちょ銀行,3293.0,47,2,anomaly|tech
2026-07-10,2026-07-10,8601,大和証券グループ本社,1770.5,46,2,anomaly|tech
2026-07-10,2026-07-10,8591,オリックス,6460.0,48,2,anomaly|tech
2026-07-10,2026-07-10,9984,ソフトバンクグループ,6412.0,25,1,tech
2026-07-10,2026-07-10,3382,セブン&アイ・ホールディングス,2021.5,27,1,volume
2026-07-13,2026-07-10,4385,メルカリ,4785.0,71,3,anomaly|tech|volume
2026-07-13,2026-07-10,9983,ファーストリテイリング,82110.0,51,2,tech|volume
2026-07-13,2026-07-10,3436,SUMCO,5244.0,48,2,anomaly|tech
2026-07-13,2026-07-10,8306,三菱UFJフィナンシャル・グループ,3461.0,49,2,anomaly|tech
2026-07-13,2026-07-10,8591,オリックス,6469.0,48,2,anomaly|tech
2026-07-13,2026-07-10,8316,三井住友フィナンシャルグループ,6814.0,48,2,anomaly|tech
2026-07-13,2026-07-10,8604,野村ホールディングス,1543.0,47,2,anomaly|tech
2026-07-13,2026-07-10,8411,みずほフィナンシャルグループ,8307.0,48,2,anomaly|tech
2026-07-13,2026-07-10,8309,三井住友トラスト・ホールディングス,6558.0,47,2,anomaly|tech
2026-07-13,2026-07-10,3382,セブン&アイ・ホールディングス,2021.5,27,1,volume
2026-07-13,2026-07-13,8601,大和証券グループ本社,1800.5,69,3,anomaly|tech|volume
2026-07-13,2026-07-13,7182,ゆうちょ銀行,3336.0,47,2,anomaly|tech
2026-07-13,2026-07-13,9433,KDDI,2807.0,46,2,anomaly|tech
2026-07-13,2026-07-13,6920,レーザーテック,46700.0,25,1,tech
2026-07-13,2026-07-13,6506,安川電機,5972.0,27,1,volume
2026-07-14,2026-07-13,8306,三菱UFJフィナンシャル・グループ,3541.0,72,3,anomaly|tech|volume
2026-07-14,2026-07-13,3436,SUMCO,5133.0,50,2,tech|volume
2026-07-14,2026-07-13,8316,三井住友フィナンシャルグループ,6925.0,48,2,anomaly|tech
2026-07-14,2026-07-13,8411,みずほフィナンシャルグループ,8417.0,47,2,anomaly|tech
2026-07-14,2026-07-13,8604,野村ホールディングス,1542.5,47,2,anomaly|tech
2026-07-14,2026-07-13,7182,ゆうちょ銀行,3299.0,48,2,anomaly|tech
2026-07-14,2026-07-13,8601,大和証券グループ本社,1777.0,47,2,anomaly|tech
2026-07-14,2026-07-13,8309,三井住友トラスト・ホールディングス,6632.0,47,2,anomaly|tech
2026-07-14,2026-07-13,9433,KDDI,2809.5,47,2,anomaly|tech
2026-07-14,2026-07-13,6506,安川電機,5972.0,27,1,volume
2026-07-14,2026-07-14,6098,リクルートホールディングス,12850.0,69,3,anomaly|tech|volume
2026-07-14,2026-07-14,4661,オリエンタルランド,2805.0,48,2,tech|volume
2026-07-14,2026-07-14,7832,バンダイナムコホールディングス,4150.0,46,2,tech|volume
2026-07-14,2026-07-14,4385,メルカリ,4813.0,46,2,anomaly|tech
2026-07-14,2026-07-14,4188,三菱ケミカルグループ,1203.0,48,2,anomaly|tech
2026-07-15,2026-07-14,8306,三菱UFJフィナンシャル・グループ,3600.0,72,3,anomaly|tech|volume
2026-07-15,2026-07-14,6098,リクルートホールディングス,12660.0,71,3,anomaly|tech|volume
2026-07-15,2026-07-14,4661,オリエンタルランド,2745.0,52,2,tech|volume
2026-07-15,2026-07-14,3436,SUMCO,5307.0,50,2,anomaly|tech
2026-07-15,2026-07-14,7832,バンダイナムコホールディングス,4143.0,48,2,tech|volume
2026-07-15,2026-07-14,7182,ゆうちょ銀行,3304.0,49,2,anomaly|tech
2026-07-15,2026-07-14,8411,みずほフィナンシャルグループ,8480.0,48,2,anomaly|tech
2026-07-15,2026-07-14,8316,三井住友フィナンシャルグループ,6967.0,48,2,anomaly|tech
2026-07-15,2026-07-14,4188,三菱ケミカルグループ,1203.0,48,2,anomaly|tech
2026-07-15,2026-07-14,8601,大和証券グループ本社,1802.0,47,2,anomaly|tech
2026-07-15,2026-07-15,8604,野村ホールディングス,1621.0,70,3,anomaly|tech|volume
2026-07-15,2026-07-15,6178,日本郵政,2397.0,70,3,anomaly|tech|volume
2026-07-15,2026-07-15,8309,三井住友トラスト・ホールディングス,6715.0,69,3,anomaly|tech|volume
2026-07-15,2026-07-15,8750,第一生命ホールディングス,1874.0,46,2,anomaly|tech
2026-07-15,2026-07-15,8591,オリックス,6593.0,72,3,anomaly|tech|volume
2026-07-16,2026-07-15,8306,三菱UFJフィナンシャル・グループ,3697.0,71,3,anomaly|tech|volume
2026-07-16,2026-07-15,8604,野村ホールディングス,1626.0,71,3,anomaly|tech|volume
2026-07-16,2026-07-15,8601,大和証券グループ本社,1879.0,71,3,anomaly|tech|volume
2026-07-16,2026-07-15,8411,みずほフィナンシャルグループ,8624.0,71,3,anomaly|tech|volume
2026-07-16,2026-07-15,6178,日本郵政,2407.5,71,3,anomaly|tech|volume
2026-07-16,2026-07-15,8316,三井住友フィナンシャルグループ,7121.0,71,3,anomaly|tech|volume
2026-07-16,2026-07-15,8309,三井住友トラスト・ホールディングス,6757.0,70,3,anomaly|tech|volume
2026-07-16,2026-07-15,8591,オリックス,6593.0,72,3,anomaly|tech|volume
2026-07-16,2026-07-15,4188,三菱ケミカルグループ,1222.0,70,3,anomaly|tech|volume
2026-07-16,2026-07-15,7182,ゆうちょ銀行,3350.0,49,2,anomaly|tech
2026-07-16,2026-07-16,4689,LINEヤフー,457.2999877929688,48,2,tech|volume
2026-07-16,2026-07-16,4385,メルカリ,4793.0,46,2,anomaly|tech
2026-07-16,2026-07-16,6098,リクルートホールディングス,12735.0,47,2,anomaly|tech
2026-07-16,2026-07-16,9433,KDDI,2869.0,47,2,anomaly|tech
2026-07-16,2026-07-16,6920,レーザーテック,46230.0,24,1,tech
2026-07-16,2026-07-16,8725,MS&ADインシュアランスグループ,4578.0,25,1,tech
2026-07-16,2026-07-16,8697,日本取引所グループ,2250.5,48,2,anomaly|tech
2026-07-16,2026-07-16,2914,日本たばこ産業,6211.0,24,1,tech
2026-07-16,2026-07-16,7201,日産自動車,328.79998779296875,26,1,tech
2026-07-16,2026-07-16,6532,ベイカレント,6755.0,28,1,volume
2026-07-16,2026-07-16,8630,SOMPOホールディングス,6618.0,25,1,tech
2026-07-16,2026-07-16,7832,バンダイナムコホールディングス,4108.0,25,1,tech
2026-07-17,2026-07-16,4689,LINEヤフー,455.0,49,2,tech|volume
2026-07-17,2026-07-16,8601,大和証券グループ本社,1875.5,47,2,anomaly|tech
2026-07-17,2026-07-16,9433,KDDI,2844.0,48,2,anomaly|tech
2026-07-17,2026-07-16,6098,リクルートホールディングス,12615.0,48,2,anomaly|tech
2026-07-17,2026-07-16,6532,ベイカレント,6755.0,28,1,volume
2026-07-17,2026-07-16,8630,SOMPOホールディングス,6618.0,25,1,tech
2026-07-17,2026-07-16,6920,レーザーテック,46370.0,25,1,tech
2026-07-17,2026-07-16,7201,日産自動車,329.0,27,1,tech
2026-07-17,2026-07-16,7832,バンダイナムコホールディングス,4108.0,25,1,tech
2026-07-17,2026-07-16,8604,野村ホールディングス,1609.0,25,1,tech
2026-07-17,2026-07-17,2914,日本たばこ産業,6343.0,48,2,anomaly|tech
2026-07-17,2026-07-17,5108,ブリヂストン,3751.0,47,2,anomaly|volume
2026-07-17,2026-07-17,2503,キリンホールディングス,2941.0,47,2,anomaly|tech
2026-07-17,2026-07-17,2801,キッコーマン,1686.0,47,2,anomaly|tech
2026-07-17,2026-07-17,3436,SUMCO,3936.0,24,1,tech
2026-07-17,2026-07-17,8306,三菱UFJフィナンシャル・グループ,3500.0,25,1,tech
2026-07-17,2026-07-17,7974,任天堂,7283.0,24,1,tech
2026-07-17,2026-07-17,8411,みずほフィナンシャルグループ,7906.0,25,1,tech
2026-07-17,2026-07-17,6857,アドバンテスト,26650.0,25,1,tech
2026-07-17,2026-07-17,7751,キヤノン,4466.0,26,1,volume
2026-07-17,2026-07-17,5713,住友金属鉱山,6794.0,26,1,tech
2026-07-17,2026-07-17,6861,キーエンス,70880.0,26,1,tech
2026-07-21,2026-07-17,2914,日本たばこ産業,6347.0,72,3,anomaly|tech|volume
2026-07-21,2026-07-17,9433,KDDI,2868.0,49,2,anomaly|tech
2026-07-21,2026-07-17,2503,キリンホールディングス,2909.0,48,2,anomaly|tech
2026-07-21,2026-07-17,6098,リクルートホールディングス,12820.0,48,2,anomaly|tech
2026-07-21,2026-07-17,8411,みずほフィナンシャルグループ,7930.0,26,1,tech
2026-07-21,2026-07-17,7751,キヤノン,4466.0,26,1,volume
2026-07-21,2026-07-17,5713,住友金属鉱山,6794.0,26,1,tech
2026-07-21,2026-07-17,8306,三菱UFJフィナンシャル・グループ,3473.0,26,1,tech
2026-07-21,2026-07-17,6861,キーエンス,70880.0,26,1,tech
2026-07-21,2026-07-17,2801,キッコーマン,1667.0,27,1,tech
2026-07-21,2026-07-21,8630,SOMPOホールディングス,6927.0,71,3,anomaly|tech|volume
2026-07-21,2026-07-21,8725,MS&ADインシュアランスグループ,4698.0,48,2,anomaly|tech
2026-07-21,2026-07-21,5108,ブリヂストン,3787.0,46,2,anomaly|volume
2026-07-21,2026-07-21,6178,日本郵政,2404.0,47,2,anomaly|tech
2026-07-21,2026-07-21,4502,武田薬品工業,5593.0,24,1,volume
2026-07-21,2026-07-21,3436,SUMCO,3825.0,25,1,tech
2026-07-21,2026-07-21,6857,アドバンテスト,29490.0,24,1,tech
2026-07-21,2026-07-21,7182,ゆうちょ銀行,3348.0,51,2,anomaly|tech
2026-07-21,2026-07-21,8750,第一生命ホールディングス,1877.5,48,2,anomaly|tech
2026-07-21,2026-07-21,8697,日本取引所グループ,2255.5,49,2,anomaly|tech
2026-07-22,2026-07-21,2914,日本たばこ産業,6425.0,71,3,anomaly|tech|volume
2026-07-22,2026-07-21,6098,リクルートホールディングス,12920.0,72,3,anomaly|tech|volume
2026-07-22,2026-07-21,8630,SOMPOホールディングス,6946.0,73,3,anomaly|tech|volume
2026-07-22,2026-07-21,6178,日本郵政,2418.5,71,3,anomaly|tech|volume
2026-07-22,2026-07-21,7182,ゆうちょ銀行,3348.0,51,2,anomaly|tech
2026-07-22,2026-07-21,8725,MS&ADインシュアランスグループ,4740.0,48,2,anomaly|tech
2026-07-22,2026-07-21,5108,ブリヂストン,3778.0,48,2,anomaly|volume
2026-07-22,2026-07-21,8750,第一生命ホールディングス,1877.5,48,2,anomaly|tech
2026-07-22,2026-07-21,2503,キリンホールディングス,2921.5,49,2,anomaly|tech
2026-07-22,2026-07-21,8697,日本取引所グループ,2255.5,49,2,anomaly|tech
2026-07-22,2026-07-22,8591,オリックス,6615.0,71,3,anomaly|tech|volume
2026-07-22,2026-07-22,8309,三井住友トラスト・ホールディングス,6864.0,69,3,anomaly|tech|volume
2026-07-22,2026-07-22,8411,みずほフィナンシャルグループ,8613.0,48,2,anomaly|tech
2026-07-22,2026-07-22,8316,三井住友フィナンシャルグループ,7116.0,49,2,anomaly|tech
2026-07-22,2026-07-22,4385,メルカリ,4298.0,25,1,tech
2026-07-22,2026-07-22,4005,住友化学,552.0,25,1,tech
2026-07-22,2026-07-22,9433,KDDI,2869.0,47,2,anomaly|tech
2026-07-22,2026-07-22,8766,東京海上ホールディングス,7962.0,48,2,anomaly|tech
2026-07-23,2026-07-22,7182,ゆうちょ銀行,3411.0,72,3,anomaly|tech|volume
2026-07-23,2026-07-22,8725,MS&ADインシュアランスグループ,4801.0,71,3,anomaly|tech|volume
2026-07-23,2026-07-22,6178,日本郵政,2453.5,70,3,anomaly|tech|volume
2026-07-23,2026-07-22,8309,三井住友トラスト・ホールディングス,6844.0,71,3,anomaly|tech|volume
2026-07-23,2026-07-22,4385,メルカリ,4417.0,50,2,tech|volume
2026-07-23,2026-07-22,8591,オリックス,6582.0,50,2,anomaly|tech
2026-07-23,2026-07-22,8750,第一生命ホールディングス,1897.0,49,2,anomaly|tech
2026-07-23,2026-07-22,9433,KDDI,2875.5,48,2,anomaly|tech
2026-07-23,2026-07-22,8766,東京海上ホールディングス,7971.0,48,2,anomaly|tech
2026-07-23,2026-07-22,2914,日本たばこ産業,6458.0,47,2,anomaly|tech
2026-07-23,2026-07-23,8411,みずほフィナンシャルグループ,8776.0,71,3,anomaly|tech|volume
2026-07-23,2026-07-23,8306,三菱UFJフィナンシャル・グループ,3735.0,70,3,anomaly|tech|volume
2026-07-23,2026-07-23,8316,三井住友フィナンシャルグループ,7187.0,71,3,anomaly|tech|volume
2026-07-23,2026-07-23,8630,SOMPOホールディングス,6975.0,70,3,anomaly|tech|volume
2026-07-23,2026-07-23,8697,日本取引所グループ,2271.5,70,3,anomaly|tech|volume
2026-07-23,2026-07-23,8604,野村ホールディングス,1624.5,48,2,anomaly|tech
2026-07-24,2026-07-23,8306,三菱UFJフィナンシャル・グループ,3750.0,72,3,anomaly|tech|volume
2026-07-24,2026-07-23,8411,みずほフィナンシャルグループ,8766.0,72,3,anomaly|tech|volume
2026-07-24,2026-07-23,8316,三井住友フィナンシャルグループ,7167.0,72,3,anomaly|tech|volume
2026-07-24,2026-07-23,6178,日本郵政,2460.5,71,3,anomaly|tech|volume
2026-07-24,2026-07-23,8725,MS&ADインシュアランスグループ,4873.0,70,3,anomaly|tech|volume
2026-07-24,2026-07-23,8309,三井住友トラスト・ホールディングス,6845.0,48,2,anomaly|tech
2026-07-24,2026-07-23,8750,第一生命ホールディングス,1905.5,49,2,anomaly|tech
2026-07-24,2026-07-23,7182,ゆうちょ銀行,3447.0,49,2,anomaly|tech
2026-07-24,2026-07-23,8604,野村ホールディングス,1624.5,48,2,anomaly|tech
2026-07-24,2026-07-23,8591,オリックス,6617.0,48,2,anomaly|tech
2026-07-24,2026-07-24,8766,東京海上ホールディングス,8153.0,69,3,anomaly|tech|volume
2026-07-24,2026-07-24,8630,SOMPOホールディングス,7076.0,70,3,anomaly|tech|volume
2026-07-24,2026-07-24,9107,川崎汽船,2814.5,48,2,anomaly|tech
2026-07-24,2026-07-24,3382,セブン&アイ・ホールディングス,2146.5,47,2,tech|volume
2026-07-24,2026-07-24,2914,日本たばこ産業,6440.0,47,2,anomaly|tech
2026-07-24,2026-07-24,4502,武田薬品工業,5648.0,48,2,tech|volume
2026-07-27,2026-07-24,6178,日本郵政,2485.5,71,3,anomaly|tech|volume
2026-07-27,2026-07-24,8750,第一生命ホールディングス,1925.0,72,3,anomaly|tech|volume
2026-07-27,2026-07-24,8725,MS&ADインシュアランスグループ,4898.0,70,3,anomaly|tech|volume
2026-07-27,2026-07-24,8766,東京海上ホールディングス,8116.0,70,3,anomaly|tech|volume
2026-07-27,2026-07-24,8630,SOMPOホールディングス,7051.0,71,3,anomaly|tech|volume
2026-07-27,2026-07-24,3382,セブン&アイ・ホールディングス,2146.0,48,2,tech|volume
2026-07-27,2026-07-24,8306,三菱UFJフィナンシャル・グループ,3754.0,48,2,anomaly|tech
2026-07-27,2026-07-24,2914,日本たばこ産業,6461.0,47,2,anomaly|tech
2026-07-27,2026-07-24,7182,ゆうちょ銀行,3442.0,48,2,anomaly|tech
2026-07-27,2026-07-24,4502,武田薬品工業,5648.0,48,2,tech|volume
2026-07-27,2026-07-27,4901,富士フイルムホールディングス,3815.0,71,3,anomaly|tech|volume
2026-07-27,2026-07-27,9107,川崎汽船,2842.0,71,3,anomaly|tech|volume
2026-07-27,2026-07-27,9433,KDDI,2958.0,70,3,anomaly|tech|volume
2026-07-27,2026-07-27,2503,キリンホールディングス,2963.5,71,3,anomaly|tech|volume
2026-07-27,2026-07-27,8309,三井住友トラスト・ホールディングス,6888.0,70,3,anomaly|tech|volume
2026-07-27,2026-07-27,8316,三井住友フィナンシャルグループ,7227.0,71,3,anomaly|tech|volume
2026-07-27,2026-07-27,8591,オリックス,6673.0,72,3,anomaly|tech|volume
2026-07-28,2026-07-27,4901,富士フイルムホールディングス,3831.0,73,3,anomaly|tech|volume
2026-07-28,2026-07-27,9107,川崎汽船,2850.0,72,3,anomaly|tech|volume
2026-07-28,2026-07-27,8750,第一生命ホールディングス,1959.0,72,3,anomaly|tech|volume
2026-07-28,2026-07-27,8306,三菱UFJフィナンシャル・グループ,3799.0,71,3,anomaly|tech|volume
2026-07-28,2026-07-27,6178,日本郵政,2521.5,71,3,anomaly|tech|volume
2026-07-28,2026-07-27,8591,オリックス,6673.0,72,3,anomaly|tech|volume
2026-07-28,2026-07-27,9433,KDDI,2953.0,71,3,anomaly|tech|volume
2026-07-28,2026-07-27,8316,三井住友フィナンシャルグループ,7214.0,71,3,anomaly|tech|volume
2026-07-28,2026-07-27,8725,MS&ADインシュアランスグループ,5029.0,70,3,anomaly|tech|volume
2026-07-28,2026-07-27,2503,キリンホールディングス,2968.0,72,3,anomaly|tech|volume
2026-07-28,2026-07-28,2914,日本たばこ産業,6615.0,69,3,anomaly|tech|volume
2026-07-28,2026-07-28,5401,日本製鉄,648.5999755859375,48,2,tech|volume
2026-07-28,2026-07-28,6460,セガサミーホールディングス,2753.5,47,2,tech|volume
2026-07-28,2026-07-28,4661,オリエンタルランド,2904.0,47,2,tech|volume
2026-07-28,2026-07-28,6532,ベイカレント,7182.0,47,2,tech|volume
2026-07-28,2026-07-28,9008,京王電鉄,820.9000244140625,47,2,tech|volume
2026-07-28,2026-07-28,4568,第一三共,2874.5,47,2,tech|volume
2026-07-28,2026-07-28,1928,積水ハウス,3656.0,46,2,tech|volume
2026-07-28,2026-07-28,7267,本田技研工業,1610.0,48,2,tech|volume
2026-07-28,2026-07-28,6702,富士通,3700.0,51,2,tech|volume
2026-07-29,2026-07-28,9433,KDDI,2993.0,72,3,anomaly|tech|volume
2026-07-29,2026-07-28,2503,キリンホールディングス,2998.0,73,3,anomaly|tech|volume
2026-07-29,2026-07-28,2914,日本たばこ産業,6648.0,70,3,anomaly|tech|volume
2026-07-29,2026-07-28,8725,MS&ADインシュアランスグループ,5039.0,70,3,anomaly|tech|volume
2026-07-29,2026-07-28,6702,富士通,3700.0,51,2,tech|volume
2026-07-29,2026-07-28,5401,日本製鉄,654.0,52,2,tech|volume
2026-07-29,2026-07-28,6460,セガサミーホールディングス,2750.0,49,2,tech|volume
2026-07-29,2026-07-28,9008,京王電鉄,818.2999877929688,48,2,tech|volume
2026-07-29,2026-07-28,4661,オリエンタルランド,2904.0,48,2,tech|volume
2026-07-29,2026-07-28,1928,積水ハウス,3657.0,48,2,tech|volume
2026-07-29,2026-07-29,8697,日本取引所グループ,2315.0,73,3,anomaly|tech|volume
2026-07-29,2026-07-29,7267,本田技研工業,1665.0,70,3,anomaly|tech|volume
2026-07-29,2026-07-29,5108,ブリヂストン,4022.0,70,3,anomaly|tech|volume
2026-07-29,2026-07-29,6098,リクルートホールディングス,13270.0,70,3,anomaly|tech|volume
2026-07-29,2026-07-29,2801,キッコーマン,1742.0,71,3,anomaly|tech|volume
2026-07-29,2026-07-29,8766,東京海上ホールディングス,8468.0,70,3,anomaly|tech|volume
2026-07-29,2026-07-29,4452,花王,3429.0,71,3,anomaly|tech|volume
2026-07-29,2026-07-29,4502,武田薬品工業,5872.0,71,3,anomaly|tech|volume
2026-07-29,2026-07-29,4911,資生堂,3471.0,71,3,anomaly|tech|volume
2026-07-29,2026-07-29,4901,富士フイルムホールディングス,3866.0,72,3,anomaly|tech|volume
2026-07-30,2026-07-29,5108,ブリヂストン,4120.0,75,3,anomaly|tech|volume
2026-07-30,2026-07-29,8697,日本取引所グループ,2290.0,75,3,anomaly|tech|volume
2026-07-30,2026-07-29,7267,本田技研工業,1688.5,72,3,anomaly|tech|volume
2026-07-30,2026-07-29,9008,京王電鉄,840.7999877929688,72,3,anomaly|tech|volume
2026-07-30,2026-07-29,2801,キッコーマン,1748.0,73,3,anomaly|tech|volume
2026-07-30,2026-07-29,4452,花王,3419.0,73,3,anomaly|tech|volume
2026-07-30,2026-07-29,9433,KDDI,3108.0,71,3,anomaly|tech|volume
2026-07-30,2026-07-29,2914,日本たばこ産業,6781.0,71,3,anomaly|tech|volume
2026-07-30,2026-07-29,6098,リクルートホールディングス,13100.0,72,3,anomaly|tech|volume
2026-07-30,2026-07-29,4901,富士フイルムホールディングス,3866.0,72,3,anomaly|tech|volume
2026-07-30,2026-07-30,6701,日本電気,5034.0,51,2,tech|volume
2026-07-30,2026-07-30,9107,川崎汽船,2861.0,47,2,anomaly|tech
2026-07-30,2026-07-30,1803,清水建設,2453.5,25,1,tech
2026-07-30,2026-07-30,8035,東京エレクトロン,52570.0,24,1,tech
2026-07-30,2026-07-30,6861,キーエンス,79290.0,24,1,tech
2026-07-30,2026-07-30,5401,日本製鉄,657.5999755859375,24,1,tech
2026-07-30,2026-07-30,4661,オリエンタルランド,2916.0,24,1,tech
2026-07-30,2026-07-30,8604,野村ホールディングス,1476.0,25,1,tech
2026-07-30,2026-07-30,9202,ANAホールディングス,3120.0,25,1,tech
2026-07-30,2026-07-30,6758,ソニーグループ,3797.0,24,1,tech
2026-07-30,2026-07-30,6702,富士通,3857.0,47,2,tech|volume
2026-07-30,2026-07-30,7974,任天堂,8120.0,25,1,volume
2026-07-30,2026-07-30,2503,キリンホールディングス,3068.0,56,2,tech|volume
2026-07-30,2026-07-30,4578,大塚ホールディングス,11305.0,54,2,tech|volume
2026-07-30,2026-07-30,4911,資生堂,3360.0,53,2,tech|volume
2026-07-30,2026-07-30,4307,野村総合研究所,5576.0,50,2,tech|volume
2026-07-30,2026-07-30,8411,みずほフィナンシャルグループ,7818.0,49,2,catalyst|tech
2026-07-31,2026-07-30,1803,清水建設,2317.5,56,2,tech|volume
2026-07-31,2026-07-30,2503,キリンホールディングス,3068.0,56,2,tech|volume
2026-07-31,2026-07-30,4578,大塚ホールディングス,11305.0,54,2,tech|volume
2026-07-31,2026-07-30,4911,資生堂,3360.0,53,2,tech|volume
2026-07-31,2026-07-30,6701,日本電気,5002.0,54,2,tech|volume
2026-07-31,2026-07-30,4307,野村総合研究所,5576.0,50,2,tech|volume
2026-07-31,2026-07-30,6702,富士通,3902.0,50,2,tech|volume
2026-07-31,2026-07-30,2914,日本たばこ産業,6665.0,50,2,catalyst|tech
2026-07-31,2026-07-30,8411,みずほフィナンシャルグループ,7818.0,49,2,catalyst|tech
2026-07-31,2026-07-30,9107,川崎汽船,2861.5,48,2,anomaly|tech
2026-07-31,2026-07-31,4661,オリエンタルランド,3092.0,51,2,tech|volume
2026-07-31,2026-07-31,6504,富士電機,14230.0,28,1,tech
2026-07-31,2026-07-31,4063,信越化学工業,5856.0,25,1,tech
2026-07-31,2026-07-31,5713,住友金属鉱山,8185.0,25,1,tech
2026-07-31,2026-07-31,6861,キーエンス,81700.0,26,1,tech
2026-07-31,2026-07-31,6857,アドバンテスト,32670.0,25,1,tech
2026-07-31,2026-07-31,8604,野村ホールディングス,1534.0,25,1,tech
2026-07-31,2026-07-31,8053,住友商事,1672.5,52,2,tech|volume
2026-07-31,2026-07-31,8035,東京エレクトロン,55220.0,29,1,volume
2026-07-31,2026-07-31,6902,デンソー,1956.0,28,1,volume
2026-07-31,2026-07-31,4568,第一三共,2583.0,29,1,tech
2026-07-31,2026-07-31,4188,三菱ケミカルグループ,1170.5,29,1,tech
2026-07-31,2026-07-31,6758,ソニーグループ,3787.0,50,2,tech|volume
2026-07-31,2026-07-31,4528,小野薬品工業,2384.0,51,2,tech|volume
2026-08-03,2026-07-31,2914,日本たばこ産業,7135.0,75,3,anomaly|tech|volume
2026-08-03,2026-07-31,6504,富士電機,14285.0,53,2,tech|volume
2026-08-03,2026-07-31,4661,オリエンタルランド,3167.0,53,2,tech|volume
2026-08-03,2026-07-31,8053,住友商事,1670.0,52,2,tech|volume
2026-08-03,2026-07-31,4568,第一三共,2567.5,51,2,tech|volume
2026-08-03,2026-07-31,4307,野村総合研究所,4686.0,50,2,tech|volume
2026-08-03,2026-07-31,4188,三菱ケミカルグループ,1188.0,52,2,tech|volume
2026-08-03,2026-07-31,6758,ソニーグループ,3787.0,50,2,tech|volume
2026-08-03,2026-07-31,4528,小野薬品工業,2384.0,51,2,tech|volume
2026-08-03,2026-07-31,4063,信越化学工業,5800.0,51,2,tech|volume
2026-08-03,2026-08-03,6954,ファナック,6044.0,26,1,tech
2026-08-03,2026-08-03,8002,丸紅,5141.0,27,1,catalyst
2026-08-03,2026-08-03,6503,三菱電機,5472.0,25,1,tech
2026-08-03,2026-08-03,7269,スズキ,1938.0,25,1,tech
2026-08-03,2026-08-03,4506,住友ファーマ,1276.5,24,1,tech
2026-08-03,2026-08-03,6762,TDK,3130.0,25,1,tech
2026-08-03,2026-08-03,8316,三井住友フィナンシャルグループ,6455.0,24,1,tech
2026-08-03,2026-08-03,9020,東日本旅客鉄道,3437.0,24,1,tech
2026-08-03,2026-08-03,4689,LINEヤフー,438.1000061035156,25,1,tech
2026-08-03,2026-08-03,3407,旭化成,1632.0,25,1,catalyst
2026-08-03,2026-08-03,6273,SMC,71110.0,48,2,catalyst|tech
2026-08-03,2026-08-03,4578,大塚ホールディングス,11500.0,49,2,catalyst|tech
2026-08-03,2026-08-03,8411,みずほフィナンシャルグループ,8094.0,48,2,catalyst|tech
2026-08-03,2026-08-03,6857,アドバンテスト,31430.0,48,2,catalyst|tech
2026-08-03,2026-08-03,9107,川崎汽船,2868.0,48,2,anomaly|tech
2026-08-03,2026-08-03,6098,リクルートホールディングス,12385.0,47,2,catalyst|tech
2026-08-04,2026-07-31,2914,日本たばこ産業,7135.0,75,3,anomaly|tech|volume
2026-08-04,2026-07-31,8035,東京エレクトロン,55500.0,52,2,catalyst|volume
2026-08-04,2026-07-31,6504,富士電機,14285.0,53,2,tech|volume
2026-08-04,2026-07-31,4661,オリエンタルランド,3167.0,53,2,tech|volume
2026-08-04,2026-07-31,8053,住友商事,1670.0,52,2,tech|volume
2026-08-04,2026-07-31,4568,第一三共,2567.5,51,2,tech|volume
2026-08-04,2026-07-31,4307,野村総合研究所,4686.0,50,2,tech|volume
2026-08-04,2026-07-31,4188,三菱ケミカルグループ,1188.0,52,2,tech|volume
2026-08-04,2026-07-31,6758,ソニーグループ,3787.0,50,2,tech|volume
2026-08-04,2026-07-31,4528,小野薬品工業,2384.0,51,2,tech|volume
2026-08-04,2026-08-04,4578,大塚ホールディングス,12435.0,93,4,anomaly|catalyst|tech|volume
2026-08-04,2026-08-04,9107,川崎汽船,2863.5,47,2,anomaly|tech
2026-08-04,2026-08-04,6857,アドバンテスト,30370.0,48,2,catalyst|tech
2026-08-04,2026-08-04,8316,三井住友フィナンシャルグループ,6526.0,47,2,catalyst|tech
2026-08-04,2026-08-04,8766,東京海上ホールディングス,7693.0,47,2,catalyst|tech
2026-08-04,2026-08-04,8411,みずほフィナンシャルグループ,8060.0,46,2,catalyst|tech
2026-08-04,2026-08-04,6098,リクルートホールディングス,12210.0,46,2,catalyst|tech
2026-08-04,2026-08-04,4689,LINEヤフー,467.3999938964844,28,1,tech
2026-08-04,2026-08-04,4506,住友ファーマ,1224.0,25,1,tech
2026-08-04,2026-08-04,6954,ファナック,6045.0,24,1,tech
2026-08-04,2026-08-04,7011,三菱重工業,4084.0,54,2,tech|volume
2026-08-04,2026-08-04,4005,住友化学,481.0,30,1,volume
2026-08-04,2026-08-04,9104,商船三井,6045.0,26,1,volume
2026-08-04,2026-08-04,2801,キッコーマン,1576.5,49,2,catalyst|tech
2026-08-04,2026-08-04,6501,日立製作所,5412.0,48,2,catalyst|volume
2026-08-04,2026-08-04,3092,ZOZO,1138.5,48,2,catalyst|tech
2026-08-04,2026-08-04,5108,ブリヂストン,3882.0,48,2,catalyst|tech
2026-08-05,2026-08-04,4578,大塚ホールディングス,12015.0,73,3,anomaly|tech|volume
2026-08-05,2026-08-04,4506,住友ファーマ,1230.0,51,2,tech|volume
2026-08-05,2026-08-04,7011,三菱重工業,4091.0,55,2,tech|volume
2026-08-05,2026-08-04,4689,LINEヤフー,460.2999877929688,53,2,tech|volume
2026-08-05,2026-08-04,2801,キッコーマン,1576.5,49,2,catalyst|tech
2026-08-05,2026-08-04,6501,日立製作所,5412.0,48,2,catalyst|volume
2026-08-05,2026-08-04,9107,川崎汽船,2863.0,50,2,anomaly|tech
2026-08-05,2026-08-04,3092,ZOZO,1138.5,48,2,catalyst|tech
2026-08-05,2026-08-04,5108,ブリヂストン,3882.0,48,2,catalyst|tech
2026-08-05,2026-08-04,4005,住友化学,482.2000122070313,31,1,volume
2026-08-05,2026-08-05,6861,キーエンス,86150.0,71,3,anomaly|tech|volume
2026-08-05,2026-08-05,5301,東海カーボン,1632.5,48,2,catalyst|tech
2026-08-05,2026-08-05,6702,富士通,3481.0,47,2,catalyst|tech
2026-08-05,2026-08-05,6367,ダイキン工業,22000.0,28,1,volume
2026-08-05,2026-08-05,6645,オムロン,5848.0,26,1,tech
2026-08-05,2026-08-05,7013,IHI,2759.0,53,2,tech|volume
2026-08-05,2026-08-05,2802,味の素,5287.0,49,2,catalyst|tech
2026-08-05,2026-08-05,8630,SOMPOホールディングス,6924.0,46,2,catalyst|tech
2026-08-05,2026-08-05,4183,三井化学,2113.0,29,1,volume
2026-08-05,2026-08-05,7270,SUBARU,2457.5,28,1,volume
2026-08-05,2026-08-05,5411,JFEホールディングス,1810.0,28,1,tech
2026-08-05,2026-08-05,9101,日本郵船,5765.0,27,1,tech
2026-08-05,2026-08-05,6954,ファナック,6460.0,48,2,catalyst|tech
2026-08-05,2026-08-05,4385,メルカリ,4410.0,51,2,catalyst|tech
2026-08-05,2026-08-05,8697,日本取引所グループ,2292.0,49,2,anomaly|tech
2026-08-05,2026-08-05,2503,キリンホールディングス,2830.0,47,2,catalyst|tech
2026-08-05,2026-08-05,7751,キヤノン,4459.0,47,2,catalyst|tech
2026-08-06,2026-08-05,6861,キーエンス,87380.0,72,3,anomaly|tech|volume
2026-08-06,2026-08-05,7013,IHI,2691.5,53,2,tech|volume
2026-08-06,2026-08-05,4183,三井化学,2139.5,53,2,tech|volume
2026-08-06,2026-08-05,5411,JFEホールディングス,1838.5,52,2,tech|volume
2026-08-06,2026-08-05,9107,川崎汽船,2714.5,50,2,tech|volume
2026-08-06,2026-08-05,6954,ファナック,6460.0,48,2,catalyst|tech
2026-08-06,2026-08-05,4385,メルカリ,4410.0,51,2,catalyst|tech
2026-08-06,2026-08-05,8697,日本取引所グループ,2292.0,49,2,anomaly|tech
2026-08-06,2026-08-05,2503,キリンホールディングス,2830.0,47,2,catalyst|tech
2026-08-06,2026-08-05,6367,ダイキン工業,22265.0,31,1,volume
2026-08-06,2026-08-06,6645,オムロン,6911.0,78,3,anomaly|tech|volume
2026-08-06,2026-08-06,4452,花王,3555.0,76,3,anomaly|tech|volume
2026-08-06,2026-08-06,2801,キッコーマン,1781.5,75,3,anomaly|tech|volume
2026-08-06,2026-08-06,5301,東海カーボン,1813.5,54,2,tech|volume
2026-08-06,2026-08-06,5401,日本製鉄,681.5999755859375,47,2,anomaly|volume
2026-08-06,2026-08-06,4755,楽天グループ,854.2000122070312,47,2,tech|volume
2026-08-06,2026-08-06,4901,富士フイルムホールディングス,3863.0,48,2,anomaly|tech
2026-08-06,2026-08-06,3402,東レ,1297.5,55,2,tech|volume
2026-08-06,2026-08-06,4578,大塚ホールディングス,12135.0,46,2,anomaly|tech
2026-08-06,2026-08-06,1721,コムシスホールディングス,5266.0,46,2,catalyst|tech
2026-08-06,2026-08-06,7832,バンダイナムコホールディングス,4878.0,27,1,volume
2026-08-07,2026-08-07,4452,花王,3662.0,70,3,anomaly|tech|volume
2026-08-07,2026-08-07,4911,資生堂,3598.0,69,3,anomaly|tech|volume
2026-08-07,2026-08-07,4578,大塚ホールディングス,12570.0,69,3,anomaly|tech|volume
2026-08-07,2026-08-07,4901,富士フイルムホールディングス,3196.0,51,2,tech|volume
2026-08-07,2026-08-07,3402,東レ,1312.0,48,2,tech|volume
2026-08-07,2026-08-07,4689,LINEヤフー,484.5,48,2,tech|volume
2026-08-07,2026-08-07,5401,日本製鉄,696.2999877929688,47,2,anomaly|volume
2026-08-07,2026-08-07,7267,本田技研工業,1685.5,46,2,anomaly|tech
2026-08-07,2026-08-07,4385,メルカリ,4918.0,47,2,anomaly|tech
2026-08-07,2026-08-07,2801,キッコーマン,1780.0,47,2,anomaly|tech
2026-08-07,2026-08-07,9104,商船三井,6149.0,47,2,tech|volume
2026-08-07,2026-08-07,6098,リクルートホールディングス,13105.0,48,2,anomaly|tech
2026-08-07,2026-08-07,6981,村田製作所,7289.0,47,2,catalyst|tech
2026-08-07,2026-08-07,5108,ブリヂストン,4199.0,75,3,anomaly|tech|volume
2026-08-07,2026-08-07,6273,SMC,74190.0,53,2,tech|volume
2026-08-10,2026-08-07,3402,東レ,1355.0,76,3,anomaly|tech|volume
2026-08-10,2026-08-07,5108,ブリヂストン,4199.0,75,3,anomaly|tech|volume
2026-08-10,2026-08-07,4452,花王,3654.0,72,3,anomaly|tech|volume
2026-08-10,2026-08-07,4385,メルカリ,5030.0,73,3,anomaly|tech|volume
2026-08-10,2026-08-07,4911,資生堂,3619.0,71,3,anomaly|tech|volume
2026-08-10,2026-08-07,4578,大塚ホールディングス,12705.0,71,3,anomaly|tech|volume
2026-08-10,2026-08-07,4901,富士フイルムホールディングス,3236.0,56,2,tech|volume
2026-08-10,2026-08-07,6273,SMC,74190.0,53,2,tech|volume
2026-08-10,2026-08-07,5401,日本製鉄,697.5,49,2,anomaly|volume
2026-08-10,2026-08-07,4689,LINEヤフー,483.6000061035156,49,2,tech|volume
2026-08-10,2026-08-10,6098,リクルートホールディングス,16165.0,72,3,anomaly|tech|volume
2026-08-10,2026-08-10,4188,三菱ケミカルグループ,1237.0,70,3,anomaly|tech|volume
2026-08-10,2026-08-10,9104,商船三井,6238.0,47,2,tech|volume
2026-08-10,2026-08-10,6501,日立製作所,5660.0,46,2,tech|volume
2026-08-10,2026-08-10,9107,川崎汽船,2856.0,47,2,anomaly|tech
2026-08-10,2026-08-10,6645,オムロン,6868.0,47,2,anomaly|tech
2026-08-10,2026-08-10,7974,任天堂,8288.0,47,2,tech|volume
2026-08-12,2026-08-10,6098,リクルートホールディングス,16165.0,72,3,anomaly|tech|volume
2026-08-12,2026-08-10,5108,ブリヂストン,4320.0,71,3,anomaly|tech|volume
2026-08-12,2026-08-10,4452,花王,3738.0,71,3,anomaly|tech|volume
2026-08-12,2026-08-10,3402,東レ,1373.5,72,3,anomaly|tech|volume
2026-08-12,2026-08-10,4188,三菱ケミカルグループ,1232.5,72,3,anomaly|tech|volume
2026-08-12,2026-08-10,4901,富士フイルムホールディングス,3162.0,52,2,tech|volume
2026-08-12,2026-08-10,6645,オムロン,6874.0,48,2,anomaly|tech
2026-08-12,2026-08-10,4689,LINEヤフー,488.2999877929688,49,2,tech|volume
2026-08-12,2026-08-10,9104,商船三井,6279.0,49,2,tech|volume
2026-08-12,2026-08-10,7974,任天堂,8265.0,48,2,tech|volume
2026-08-12,2026-08-12,4543,テルモ,2596.5,47,2,tech|volume
2026-08-12,2026-08-12,9107,川崎汽船,2882.5,48,2,anomaly|tech
2026-08-12,2026-08-12,4755,楽天グループ,765.0999755859375,27,1,volume
2026-08-12,2026-08-12,1605,INPEX,3726.0,24,1,tech
2026-08-12,2026-08-12,7013,IHI,2900.5,26,1,tech
